trapping_pvs,trapping_ans,trapping_src
https://d2ohiy53hu70uz.cloudfront.net/tps/1080_videoSRC05_36_1.mp4,1,https://d2ohiy53hu70uz.cloudfront.net/1080_videoSRC05_24.mp4
https://d2ohiy53hu70uz.cloudfront.net/tps/1080_videoSRC05_36_2.mp4,2,https://d2ohiy53hu70uz.cloudfront.net/1080_videoSRC05_24.mp4
https://d2ohiy53hu70uz.cloudfront.net/tps/1080_videoSRC05_36_3.mp4,3,https://d2ohiy53hu70uz.cloudfront.net/1080_videoSRC05_24.mp4
https://d2ohiy53hu70uz.cloudfront.net/tps/1080_videoSRC05_36_4.mp4,4,https://d2ohiy53hu70uz.cloudfront.net/1080_videoSRC05_24.mp4
https://d2ohiy53hu70uz.cloudfront.net/tps/1080_videoSRC05_36_5.mp4,5,https://d2ohiy53hu70uz.cloudfront.net/1080_videoSRC05_24.mp4
https://d2ohiy53hu70uz.cloudfront.net/tps/1080_videoSRC05_44_1.mp4,1,https://d2ohiy53hu70uz.cloudfront.net/1080_videoSRC05_24.mp4
https://d2ohiy53hu70uz.cloudfront.net/tps/1080_videoSRC05_44_2.mp4,2,https://d2ohiy53hu70uz.cloudfront.net/1080_videoSRC05_24.mp4
https://d2ohiy53hu70uz.cloudfront.net/tps/1080_videoSRC05_44_3.mp4,3,https://d2ohiy53hu70uz.cloudfront.net/1080_videoSRC05_24.mp4
https://d2ohiy53hu70uz.cloudfront.net/tps/1080_videoSRC05_44_4.mp4,4,https://d2ohiy53hu70uz.cloudfront.net/1080_videoSRC05_24.mp4
https://d2ohiy53hu70uz.cloudfront.net/tps/1080_videoSRC05_44_5.mp4,5,https://d2ohiy53hu70uz.cloudfront.net/1080_videoSRC05_24.mp4
https://d2ohiy53hu70uz.cloudfront.net/tps/1080_videoSRC14_30_1.mp4,1,https://d2ohiy53hu70uz.cloudfront.net/1080_videoSRC14_24.mp4
https://d2ohiy53hu70uz.cloudfront.net/tps/1080_videoSRC14_30_2.mp4,2,https://d2ohiy53hu70uz.cloudfront.net/1080_videoSRC14_24.mp4
https://d2ohiy53hu70uz.cloudfront.net/tps/1080_videoSRC14_30_3.mp4,3,https://d2ohiy53hu70uz.cloudfront.net/1080_videoSRC14_24.mp4
https://d2ohiy53hu70uz.cloudfront.net/tps/1080_videoSRC14_30_4.mp4,4,https://d2ohiy53hu70uz.cloudfront.net/1080_videoSRC14_24.mp4
https://d2ohiy53hu70uz.cloudfront.net/tps/1080_videoSRC14_30_5.mp4,5,https://d2ohiy53hu70uz.cloudfront.net/1080_videoSRC14_24.mp4
https://d2ohiy53hu70uz.cloudfront.net/tps/1080_videoSRC22_30_1.mp4,1,https://d2ohiy53hu70uz.cloudfront.net/1080_videoSRC22_24.mp4
https://d2ohiy53hu70uz.cloudfront.net/tps/1080_videoSRC22_30_2.mp4,2,https://d2ohiy53hu70uz.cloudfront.net/1080_videoSRC22_24.mp4
https://d2ohiy53hu70uz.cloudfront.net/tps/1080_videoSRC22_30_3.mp4,3,https://d2ohiy53hu70uz.cloudfront.net/1080_videoSRC22_24.mp4
https://d2ohiy53hu70uz.cloudfront.net/tps/1080_videoSRC22_30_4.mp4,4,https://d2ohiy53hu70uz.cloudfront.net/1080_videoSRC22_24.mp4
https://d2ohiy53hu70uz.cloudfront.net/tps/1080_videoSRC22_30_5.mp4,5,https://d2ohiy53hu70uz.cloudfront.net/1080_videoSRC22_24.mp4
https://d2ohiy53hu70uz.cloudfront.net/tps/1080_videoSRC23_36_1.mp4,1,https://d2ohiy53hu70uz.cloudfront.net/1080_videoSRC23_24.mp4
https://d2ohiy53hu70uz.cloudfront.net/tps/1080_videoSRC23_36_2.mp4,2,https://d2ohiy53hu70uz.cloudfront.net/1080_videoSRC23_24.mp4
https://d2ohiy53hu70uz.cloudfront.net/tps/1080_videoSRC23_36_3.mp4,3,https://d2ohiy53hu70uz.cloudfront.net/1080_videoSRC23_24.mp4
https://d2ohiy53hu70uz.cloudfront.net/tps/1080_videoSRC23_36_4.mp4,4,https://d2ohiy53hu70uz.cloudfront.net/1080_videoSRC23_24.mp4
https://d2ohiy53hu70uz.cloudfront.net/tps/1080_videoSRC23_36_5.mp4,5,https://d2ohiy53hu70uz.cloudfront.net/1080_videoSRC23_24.mp4
https://d2ohiy53hu70uz.cloudfront.net/tps/1080_videoSRC25_44_1.mp4,1,https://d2ohiy53hu70uz.cloudfront.net/1080_videoSRC25_24.mp4
https://d2ohiy53hu70uz.cloudfront.net/tps/1080_videoSRC25_44_2.mp4,2,https://d2ohiy53hu70uz.cloudfront.net/1080_videoSRC25_24.mp4
https://d2ohiy53hu70uz.cloudfront.net/tps/1080_videoSRC25_44_3.mp4,3,https://d2ohiy53hu70uz.cloudfront.net/1080_videoSRC25_24.mp4
https://d2ohiy53hu70uz.cloudfront.net/tps/1080_videoSRC25_44_4.mp4,4,https://d2ohiy53hu70uz.cloudfront.net/1080_videoSRC25_24.mp4
https://d2ohiy53hu70uz.cloudfront.net/tps/1080_videoSRC25_44_5.mp4,5,https://d2ohiy53hu70uz.cloudfront.net/1080_videoSRC25_24.mp4
https://d2ohiy53hu70uz.cloudfront.net/tps/720_videoSRC05_48_1.mp4,1,https://d2ohiy53hu70uz.cloudfront.net/720_videoSRC05_24.mp4
https://d2ohiy53hu70uz.cloudfront.net/tps/720_videoSRC05_48_2.mp4,2,https://d2ohiy53hu70uz.cloudfront.net/720_videoSRC05_24.mp4
https://d2ohiy53hu70uz.cloudfront.net/tps/720_videoSRC05_48_3.mp4,3,https://d2ohiy53hu70uz.cloudfront.net/720_videoSRC05_24.mp4
https://d2ohiy53hu70uz.cloudfront.net/tps/720_videoSRC05_48_4.mp4,4,https://d2ohiy53hu70uz.cloudfront.net/720_videoSRC05_24.mp4
https://d2ohiy53hu70uz.cloudfront.net/tps/720_videoSRC05_48_5.mp4,5,https://d2ohiy53hu70uz.cloudfront.net/720_videoSRC05_24.mp4
https://d2ohiy53hu70uz.cloudfront.net/tps/720_videoSRC14_24_1.mp4,1,https://d2ohiy53hu70uz.cloudfront.net/720_videoSRC14_24.mp4
https://d2ohiy53hu70uz.cloudfront.net/tps/720_videoSRC14_24_2.mp4,2,https://d2ohiy53hu70uz.cloudfront.net/720_videoSRC14_24.mp4
