,c,t,name
0,{7},{6},{'Yzo3X3Q6Ng==.jpg'}
1,{4},{6},{'Yzo0X3Q6Ng==.jpg'}
2,{5},{4},{'Yzo1X3Q6NA==.jpg'}
3,{6},{7},{'Yzo2X3Q6Nw==.jpg'}
4,{5},{5},{'Yzo1X3Q6NQ==.jpg'}
5,{6},{6},{'Yzo2X3Q6Ng==.jpg'}
6,{4},{6},{'Yzo0X3Q6Ng==.jpg'}
7,{6},{3},{'Yzo2X3Q6Mw==.jpg'}
8,{3},{10},{'YzozX3Q6MTA=.jpg'}
9,{9},{4},{'Yzo5X3Q6NA==.jpg'}
10,{4},{5},{'Yzo0X3Q6NQ==.jpg'}
11,{4},{5},{'Yzo0X3Q6NQ==.jpg'}
12,{7},{6},{'Yzo3X3Q6Ng==.jpg'}
13,{4},{8},{'Yzo0X3Q6OA==.jpg'}
14,{3},{4},{'YzozX3Q6NA==.jpg'}
15,{8},{2},{'Yzo4X3Q6Mg==.jpg'}
16,{6},{6},{'Yzo2X3Q6Ng==.jpg'}
17,{6},{5},{'Yzo2X3Q6NQ==.jpg'}
18,{6},{5},{'Yzo2X3Q6NQ==.jpg'}
19,{4},{5},{'Yzo0X3Q6NQ==.jpg'}
20,{6},{7},{'Yzo2X3Q6Nw==.jpg'}
21,{6},{6},{'Yzo2X3Q6Ng==.jpg'}
22,{5},{5},{'Yzo1X3Q6NQ==.jpg'}
23,{2},{9},{'YzoyX3Q6OQ==.jpg'}
24,{7},{6},{'Yzo3X3Q6Ng==.jpg'}
25,{4},{7},{'Yzo0X3Q6Nw==.jpg'}
26,{7},{4},{'Yzo3X3Q6NA==.jpg'}
27,{3},{6},{'YzozX3Q6Ng==.jpg'}
28,{7},{4},{'Yzo3X3Q6NA==.jpg'}
29,{7},{6},{'Yzo3X3Q6Ng==.jpg'}
30,{5},{6},{'Yzo1X3Q6Ng==.jpg'}
31,{4},{9},{'Yzo0X3Q6OQ==.jpg'}
32,{5},{3},{'Yzo1X3Q6Mw==.jpg'}
33,{6},{3},{'Yzo2X3Q6Mw==.jpg'}
34,{4},{5},{'Yzo0X3Q6NQ==.jpg'}
35,{5},{4},{'Yzo1X3Q6NA==.jpg'}
36,{7},{4},{'Yzo3X3Q6NA==.jpg'}
37,{5},{2},{'Yzo1X3Q6Mg==.jpg'}
38,{3},{6},{'YzozX3Q6Ng==.jpg'}
39,{5},{7},{'Yzo1X3Q6Nw==.jpg'}
40,{6},{7},{'Yzo2X3Q6Nw==.jpg'}
41,{5},{5},{'Yzo1X3Q6NQ==.jpg'}
42,{5},{5},{'Yzo1X3Q6NQ==.jpg'}
43,{5},{6},{'Yzo1X3Q6Ng==.jpg'}
44,{5},{4},{'Yzo1X3Q6NA==.jpg'}
45,{2},{8},{'YzoyX3Q6OA==.jpg'}
46,{6},{7},{'Yzo2X3Q6Nw==.jpg'}
47,{11},{2},{'YzoxMV90OjI=.jpg'}
48,{4},{4},{'Yzo0X3Q6NA==.jpg'}
49,{7},{2},{'Yzo3X3Q6Mg==.jpg'}
50,{4},{5},{'Yzo0X3Q6NQ==.jpg'}
51,{6},{3},{'Yzo2X3Q6Mw==.jpg'}
52,{5},{3},{'Yzo1X3Q6Mw==.jpg'}
53,{8},{5},{'Yzo4X3Q6NQ==.jpg'}
54,{3},{1},{'YzozX3Q6MQ==.jpg'}
55,{2},{8},{'YzoyX3Q6OA==.jpg'}
56,{6},{5},{'Yzo2X3Q6NQ==.jpg'}
57,{3},{6},{'YzozX3Q6Ng==.jpg'}
58,{5},{3},{'Yzo1X3Q6Mw==.jpg'}
59,{5},{6},{'Yzo1X3Q6Ng==.jpg'}
60,{3},{5},{'YzozX3Q6NQ==.jpg'}
61,{3},{8},{'YzozX3Q6OA==.jpg'}
62,{3},{5},{'YzozX3Q6NQ==.jpg'}
63,{3},{5},{'YzozX3Q6NQ==.jpg'}
64,{5},{5},{'Yzo1X3Q6NQ==.jpg'}
65,{6},{7},{'Yzo2X3Q6Nw==.jpg'}
66,{4},{7},{'Yzo0X3Q6Nw==.jpg'}
67,{4},{9},{'Yzo0X3Q6OQ==.jpg'}
68,{4},{4},{'Yzo0X3Q6NA==.jpg'}
69,{2},{5},{'YzoyX3Q6NQ==.jpg'}
70,{6},{7},{'Yzo2X3Q6Nw==.jpg'}
71,{7},{7},{'Yzo3X3Q6Nw==.jpg'}
72,{6},{3},{'Yzo2X3Q6Mw==.jpg'}
73,{7},{7},{'Yzo3X3Q6Nw==.jpg'}
74,{8},{5},{'Yzo4X3Q6NQ==.jpg'}
75,{7},{6},{'Yzo3X3Q6Ng==.jpg'}
76,{8},{4},{'Yzo4X3Q6NA==.jpg'}
77,{6},{5},{'Yzo2X3Q6NQ==.jpg'}
78,{6},{8},{'Yzo2X3Q6OA==.jpg'}
79,{8},{4},{'Yzo4X3Q6NA==.jpg'}
80,{5},{7},{'Yzo1X3Q6Nw==.jpg'}
81,{4},{8},{'Yzo0X3Q6OA==.jpg'}
82,{3},{7},{'YzozX3Q6Nw==.jpg'}
83,{5},{6},{'Yzo1X3Q6Ng==.jpg'}
84,{5},{4},{'Yzo1X3Q6NA==.jpg'}
85,{2},{7},{'YzoyX3Q6Nw==.jpg'}
86,{5},{5},{'Yzo1X3Q6NQ==.jpg'}
87,{7},{4},{'Yzo3X3Q6NA==.jpg'}
88,{6},{4},{'Yzo2X3Q6NA==.jpg'}
89,{7},{5},{'Yzo3X3Q6NQ==.jpg'}
90,{4},{6},{'Yzo0X3Q6Ng==.jpg'}
91,{4},{6},{'Yzo0X3Q6Ng==.jpg'}
92,{4},{6},{'Yzo0X3Q6Ng==.jpg'}
93,{6},{2},{'Yzo2X3Q6Mg==.jpg'}
94,{4},{6},{'Yzo0X3Q6Ng==.jpg'}
95,{6},{6},{'Yzo2X3Q6Ng==.jpg'}
96,{4},{6},{'Yzo0X3Q6Ng==.jpg'}
97,{5},{7},{'Yzo1X3Q6Nw==.jpg'}
98,{4},{6},{'Yzo0X3Q6Ng==.jpg'}
99,{3},{8},{'YzozX3Q6OA==.jpg'}
