block_matrix_url,circles,triangles
https://audiosamplesp808.blob.core.windows.net/p910-assets/imgs/block_matrix/YzoxX3Q6NQ==.jpg,1,5
https://audiosamplesp808.blob.core.windows.net/p910-assets/imgs/block_matrix/YzoxX3Q6Ng==.jpg,1,6
https://audiosamplesp808.blob.core.windows.net/p910-assets/imgs/block_matrix/YzoxX3Q6Nw==.jpg,1,7
https://audiosamplesp808.blob.core.windows.net/p910-assets/imgs/block_matrix/YzoxX3Q6MTI=.jpg,1,12
https://audiosamplesp808.blob.core.windows.net/p910-assets/imgs/block_matrix/YzoyX3Q6Ng==.jpg,2,6
https://audiosamplesp808.blob.core.windows.net/p910-assets/imgs/block_matrix/YzoyX3Q6MTA=.jpg,2,10
https://audiosamplesp808.blob.core.windows.net/p910-assets/imgs/block_matrix/YzozX3Q6NQ==.jpg,3,5
https://audiosamplesp808.blob.core.windows.net/p910-assets/imgs/block_matrix/YzozX3Q6Nw==.jpg,3,7
https://audiosamplesp808.blob.core.windows.net/p910-assets/imgs/block_matrix/YzozX3Q6OA==.jpg,3,8
https://audiosamplesp808.blob.core.windows.net/p910-assets/imgs/block_matrix/YzozX3Q6OQ==.jpg,3,9
https://audiosamplesp808.blob.core.windows.net/p910-assets/imgs/block_matrix/YzozX3Q6MTA=.jpg,3,10
https://audiosamplesp808.blob.core.windows.net/p910-assets/imgs/block_matrix/Yzo0X3Q6Mw==.jpg,4,3
https://audiosamplesp808.blob.core.windows.net/p910-assets/imgs/block_matrix/Yzo0X3Q6Ng==.jpg,4,6
https://audiosamplesp808.blob.core.windows.net/p910-assets/imgs/block_matrix/Yzo0X3Q6Nw==.jpg,4,7
https://audiosamplesp808.blob.core.windows.net/p910-assets/imgs/block_matrix/Yzo0X3Q6OA==.jpg,4,8
https://audiosamplesp808.blob.core.windows.net/p910-assets/imgs/block_matrix/Yzo0X3Q6MTA=.jpg,4,10
https://audiosamplesp808.blob.core.windows.net/p910-assets/imgs/block_matrix/Yzo1X3Q6Mg==.jpg,5,2
https://audiosamplesp808.blob.core.windows.net/p910-assets/imgs/block_matrix/Yzo1X3Q6Mw==.jpg,5,3
https://audiosamplesp808.blob.core.windows.net/p910-assets/imgs/block_matrix/Yzo1X3Q6NA==.jpg,5,4
https://audiosamplesp808.blob.core.windows.net/p910-assets/imgs/block_matrix/Yzo1X3Q6NQ==.jpg,5,5
https://audiosamplesp808.blob.core.windows.net/p910-assets/imgs/block_matrix/Yzo1X3Q6Ng==.jpg,5,6
https://audiosamplesp808.blob.core.windows.net/p910-assets/imgs/block_matrix/Yzo1X3Q6Nw==.jpg,5,7
https://audiosamplesp808.blob.core.windows.net/p910-assets/imgs/block_matrix/Yzo1X3Q6OA==.jpg,5,8
https://audiosamplesp808.blob.core.windows.net/p910-assets/imgs/block_matrix/Yzo1X3Q6OQ==.jpg,5,9
https://audiosamplesp808.blob.core.windows.net/p910-assets/imgs/block_matrix/Yzo2X3Q6Mg==.jpg,6,2
https://audiosamplesp808.blob.core.windows.net/p910-assets/imgs/block_matrix/Yzo2X3Q6Mw==.jpg,6,3
https://audiosamplesp808.blob.core.windows.net/p910-assets/imgs/block_matrix/Yzo2X3Q6NA==.jpg,6,4
https://audiosamplesp808.blob.core.windows.net/p910-assets/imgs/block_matrix/Yzo2X3Q6NQ==.jpg,6,5
https://audiosamplesp808.blob.core.windows.net/p910-assets/imgs/block_matrix/Yzo2X3Q6Ng==.jpg,6,6
https://audiosamplesp808.blob.core.windows.net/p910-assets/imgs/block_matrix/Yzo2X3Q6Nw==.jpg,6,7
https://audiosamplesp808.blob.core.windows.net/p910-assets/imgs/block_matrix/Yzo2X3Q6OA==.jpg,6,8
https://audiosamplesp808.blob.core.windows.net/p910-assets/imgs/block_matrix/Yzo3X3Q6Mg==.jpg,7,2
https://audiosamplesp808.blob.core.windows.net/p910-assets/imgs/block_matrix/Yzo3X3Q6Mw==.jpg,7,3
https://audiosamplesp808.blob.core.windows.net/p910-assets/imgs/block_matrix/Yzo3X3Q6NA==.jpg,7,4
https://audiosamplesp808.blob.core.windows.net/p910-assets/imgs/block_matrix/Yzo3X3Q6NQ==.jpg,7,5
https://audiosamplesp808.blob.core.windows.net/p910-assets/imgs/block_matrix/Yzo3X3Q6Ng==.jpg,7,6
https://audiosamplesp808.blob.core.windows.net/p910-assets/imgs/block_matrix/Yzo3X3Q6Nw==.jpg,7,7
https://audiosamplesp808.blob.core.windows.net/p910-assets/imgs/block_matrix/Yzo3X3Q6OA==.jpg,7,8
https://audiosamplesp808.blob.core.windows.net/p910-assets/imgs/block_matrix/Yzo4X3Q6Mg==.jpg,8,2
https://audiosamplesp808.blob.core.windows.net/p910-assets/imgs/block_matrix/Yzo4X3Q6Mw==.jpg,8,3
https://audiosamplesp808.blob.core.windows.net/p910-assets/imgs/block_matrix/Yzo4X3Q6NA==.jpg,8,4
https://audiosamplesp808.blob.core.windows.net/p910-assets/imgs/block_matrix/Yzo4X3Q6NQ==.jpg,8,5
https://audiosamplesp808.blob.core.windows.net/p910-assets/imgs/block_matrix/Yzo4X3Q6Ng==.jpg,8,6
https://audiosamplesp808.blob.core.windows.net/p910-assets/imgs/block_matrix/Yzo4X3Q6Nw==.jpg,8,7
https://audiosamplesp808.blob.core.windows.net/p910-assets/imgs/block_matrix/Yzo5X3Q6MQ==.jpg,9,1
https://audiosamplesp808.blob.core.windows.net/p910-assets/imgs/block_matrix/Yzo5X3Q6Mg==.jpg,9,2
https://audiosamplesp808.blob.core.windows.net/p910-assets/imgs/block_matrix/Yzo5X3Q6Mw==.jpg,9,3
https://audiosamplesp808.blob.core.windows.net/p910-assets/imgs/block_matrix/Yzo5X3Q6NQ==.jpg,9,5
https://audiosamplesp808.blob.core.windows.net/p910-assets/imgs/block_matrix/YzoxMF90OjM=.jpg,10,3
https://audiosamplesp808.blob.core.windows.net/p910-assets/imgs/block_matrix/YzoxMV90OjM=.jpg,11,3
