circles,triangles,block_matrix_url
7,6,https://audiosamplesp808.blob.core.windows.net/p910-assets/imgs/block_matrix/m5/Yzo3X3Q6Ng==.jpg
4,6,https://audiosamplesp808.blob.core.windows.net/p910-assets/imgs/block_matrix/m5/Yzo0X3Q6Ng==.jpg
5,4,https://audiosamplesp808.blob.core.windows.net/p910-assets/imgs/block_matrix/m5/Yzo1X3Q6NA==.jpg
6,7,https://audiosamplesp808.blob.core.windows.net/p910-assets/imgs/block_matrix/m5/Yzo2X3Q6Nw==.jpg
5,5,https://audiosamplesp808.blob.core.windows.net/p910-assets/imgs/block_matrix/m5/Yzo1X3Q6NQ==.jpg
6,6,https://audiosamplesp808.blob.core.windows.net/p910-assets/imgs/block_matrix/m5/Yzo2X3Q6Ng==.jpg
4,6,https://audiosamplesp808.blob.core.windows.net/p910-assets/imgs/block_matrix/m5/Yzo0X3Q6Ng==.jpg
6,3,https://audiosamplesp808.blob.core.windows.net/p910-assets/imgs/block_matrix/m5/Yzo2X3Q6Mw==.jpg
3,10,https://audiosamplesp808.blob.core.windows.net/p910-assets/imgs/block_matrix/m5/YzozX3Q6MTA=.jpg
9,4,https://audiosamplesp808.blob.core.windows.net/p910-assets/imgs/block_matrix/m5/Yzo5X3Q6NA==.jpg
4,5,https://audiosamplesp808.blob.core.windows.net/p910-assets/imgs/block_matrix/m5/Yzo0X3Q6NQ==.jpg
4,5,https://audiosamplesp808.blob.core.windows.net/p910-assets/imgs/block_matrix/m5/Yzo0X3Q6NQ==.jpg
7,6,https://audiosamplesp808.blob.core.windows.net/p910-assets/imgs/block_matrix/m5/Yzo3X3Q6Ng==.jpg
4,8,https://audiosamplesp808.blob.core.windows.net/p910-assets/imgs/block_matrix/m5/Yzo0X3Q6OA==.jpg
3,4,https://audiosamplesp808.blob.core.windows.net/p910-assets/imgs/block_matrix/m5/YzozX3Q6NA==.jpg
8,2,https://audiosamplesp808.blob.core.windows.net/p910-assets/imgs/block_matrix/m5/Yzo4X3Q6Mg==.jpg
6,6,https://audiosamplesp808.blob.core.windows.net/p910-assets/imgs/block_matrix/m5/Yzo2X3Q6Ng==.jpg
6,5,https://audiosamplesp808.blob.core.windows.net/p910-assets/imgs/block_matrix/m5/Yzo2X3Q6NQ==.jpg
6,5,https://audiosamplesp808.blob.core.windows.net/p910-assets/imgs/block_matrix/m5/Yzo2X3Q6NQ==.jpg
4,5,https://audiosamplesp808.blob.core.windows.net/p910-assets/imgs/block_matrix/m5/Yzo0X3Q6NQ==.jpg
6,7,https://audiosamplesp808.blob.core.windows.net/p910-assets/imgs/block_matrix/m5/Yzo2X3Q6Nw==.jpg
6,6,https://audiosamplesp808.blob.core.windows.net/p910-assets/imgs/block_matrix/m5/Yzo2X3Q6Ng==.jpg
5,5,https://audiosamplesp808.blob.core.windows.net/p910-assets/imgs/block_matrix/m5/Yzo1X3Q6NQ==.jpg
2,9,https://audiosamplesp808.blob.core.windows.net/p910-assets/imgs/block_matrix/m5/YzoyX3Q6OQ==.jpg
7,6,https://audiosamplesp808.blob.core.windows.net/p910-assets/imgs/block_matrix/m5/Yzo3X3Q6Ng==.jpg
4,7,https://audiosamplesp808.blob.core.windows.net/p910-assets/imgs/block_matrix/m5/Yzo0X3Q6Nw==.jpg
7,4,https://audiosamplesp808.blob.core.windows.net/p910-assets/imgs/block_matrix/m5/Yzo3X3Q6NA==.jpg
3,6,https://audiosamplesp808.blob.core.windows.net/p910-assets/imgs/block_matrix/m5/YzozX3Q6Ng==.jpg
7,4,https://audiosamplesp808.blob.core.windows.net/p910-assets/imgs/block_matrix/m5/Yzo3X3Q6NA==.jpg
7,6,https://audiosamplesp808.blob.core.windows.net/p910-assets/imgs/block_matrix/m5/Yzo3X3Q6Ng==.jpg
5,6,https://audiosamplesp808.blob.core.windows.net/p910-assets/imgs/block_matrix/m5/Yzo1X3Q6Ng==.jpg
4,9,https://audiosamplesp808.blob.core.windows.net/p910-assets/imgs/block_matrix/m5/Yzo0X3Q6OQ==.jpg
5,3,https://audiosamplesp808.blob.core.windows.net/p910-assets/imgs/block_matrix/m5/Yzo1X3Q6Mw==.jpg
6,3,https://audiosamplesp808.blob.core.windows.net/p910-assets/imgs/block_matrix/m5/Yzo2X3Q6Mw==.jpg
4,5,https://audiosamplesp808.blob.core.windows.net/p910-assets/imgs/block_matrix/m5/Yzo0X3Q6NQ==.jpg
5,4,https://audiosamplesp808.blob.core.windows.net/p910-assets/imgs/block_matrix/m5/Yzo1X3Q6NA==.jpg
7,4,https://audiosamplesp808.blob.core.windows.net/p910-assets/imgs/block_matrix/m5/Yzo3X3Q6NA==.jpg
5,2,https://audiosamplesp808.blob.core.windows.net/p910-assets/imgs/block_matrix/m5/Yzo1X3Q6Mg==.jpg
3,6,https://audiosamplesp808.blob.core.windows.net/p910-assets/imgs/block_matrix/m5/YzozX3Q6Ng==.jpg
5,7,https://audiosamplesp808.blob.core.windows.net/p910-assets/imgs/block_matrix/m5/Yzo1X3Q6Nw==.jpg
6,7,https://audiosamplesp808.blob.core.windows.net/p910-assets/imgs/block_matrix/m5/Yzo2X3Q6Nw==.jpg
5,5,https://audiosamplesp808.blob.core.windows.net/p910-assets/imgs/block_matrix/m5/Yzo1X3Q6NQ==.jpg
5,5,https://audiosamplesp808.blob.core.windows.net/p910-assets/imgs/block_matrix/m5/Yzo1X3Q6NQ==.jpg
5,6,https://audiosamplesp808.blob.core.windows.net/p910-assets/imgs/block_matrix/m5/Yzo1X3Q6Ng==.jpg
5,4,https://audiosamplesp808.blob.core.windows.net/p910-assets/imgs/block_matrix/m5/Yzo1X3Q6NA==.jpg
2,8,https://audiosamplesp808.blob.core.windows.net/p910-assets/imgs/block_matrix/m5/YzoyX3Q6OA==.jpg
6,7,https://audiosamplesp808.blob.core.windows.net/p910-assets/imgs/block_matrix/m5/Yzo2X3Q6Nw==.jpg
11,2,https://audiosamplesp808.blob.core.windows.net/p910-assets/imgs/block_matrix/m5/YzoxMV90OjI=.jpg
4,4,https://audiosamplesp808.blob.core.windows.net/p910-assets/imgs/block_matrix/m5/Yzo0X3Q6NA==.jpg
7,2,https://audiosamplesp808.blob.core.windows.net/p910-assets/imgs/block_matrix/m5/Yzo3X3Q6Mg==.jpg
4,5,https://audiosamplesp808.blob.core.windows.net/p910-assets/imgs/block_matrix/m5/Yzo0X3Q6NQ==.jpg
6,3,https://audiosamplesp808.blob.core.windows.net/p910-assets/imgs/block_matrix/m5/Yzo2X3Q6Mw==.jpg
5,3,https://audiosamplesp808.blob.core.windows.net/p910-assets/imgs/block_matrix/m5/Yzo1X3Q6Mw==.jpg
8,5,https://audiosamplesp808.blob.core.windows.net/p910-assets/imgs/block_matrix/m5/Yzo4X3Q6NQ==.jpg
3,1,https://audiosamplesp808.blob.core.windows.net/p910-assets/imgs/block_matrix/m5/YzozX3Q6MQ==.jpg
2,8,https://audiosamplesp808.blob.core.windows.net/p910-assets/imgs/block_matrix/m5/YzoyX3Q6OA==.jpg
6,5,https://audiosamplesp808.blob.core.windows.net/p910-assets/imgs/block_matrix/m5/Yzo2X3Q6NQ==.jpg
3,6,https://audiosamplesp808.blob.core.windows.net/p910-assets/imgs/block_matrix/m5/YzozX3Q6Ng==.jpg
5,3,https://audiosamplesp808.blob.core.windows.net/p910-assets/imgs/block_matrix/m5/Yzo1X3Q6Mw==.jpg
5,6,https://audiosamplesp808.blob.core.windows.net/p910-assets/imgs/block_matrix/m5/Yzo1X3Q6Ng==.jpg
3,5,https://audiosamplesp808.blob.core.windows.net/p910-assets/imgs/block_matrix/m5/YzozX3Q6NQ==.jpg
3,8,https://audiosamplesp808.blob.core.windows.net/p910-assets/imgs/block_matrix/m5/YzozX3Q6OA==.jpg
3,5,https://audiosamplesp808.blob.core.windows.net/p910-assets/imgs/block_matrix/m5/YzozX3Q6NQ==.jpg
3,5,https://audiosamplesp808.blob.core.windows.net/p910-assets/imgs/block_matrix/m5/YzozX3Q6NQ==.jpg
5,5,https://audiosamplesp808.blob.core.windows.net/p910-assets/imgs/block_matrix/m5/Yzo1X3Q6NQ==.jpg
6,7,https://audiosamplesp808.blob.core.windows.net/p910-assets/imgs/block_matrix/m5/Yzo2X3Q6Nw==.jpg
4,7,https://audiosamplesp808.blob.core.windows.net/p910-assets/imgs/block_matrix/m5/Yzo0X3Q6Nw==.jpg
4,9,https://audiosamplesp808.blob.core.windows.net/p910-assets/imgs/block_matrix/m5/Yzo0X3Q6OQ==.jpg
4,4,https://audiosamplesp808.blob.core.windows.net/p910-assets/imgs/block_matrix/m5/Yzo0X3Q6NA==.jpg
2,5,https://audiosamplesp808.blob.core.windows.net/p910-assets/imgs/block_matrix/m5/YzoyX3Q6NQ==.jpg
6,7,https://audiosamplesp808.blob.core.windows.net/p910-assets/imgs/block_matrix/m5/Yzo2X3Q6Nw==.jpg
7,7,https://audiosamplesp808.blob.core.windows.net/p910-assets/imgs/block_matrix/m5/Yzo3X3Q6Nw==.jpg
6,3,https://audiosamplesp808.blob.core.windows.net/p910-assets/imgs/block_matrix/m5/Yzo2X3Q6Mw==.jpg
7,7,https://audiosamplesp808.blob.core.windows.net/p910-assets/imgs/block_matrix/m5/Yzo3X3Q6Nw==.jpg
8,5,https://audiosamplesp808.blob.core.windows.net/p910-assets/imgs/block_matrix/m5/Yzo4X3Q6NQ==.jpg
7,6,https://audiosamplesp808.blob.core.windows.net/p910-assets/imgs/block_matrix/m5/Yzo3X3Q6Ng==.jpg
8,4,https://audiosamplesp808.blob.core.windows.net/p910-assets/imgs/block_matrix/m5/Yzo4X3Q6NA==.jpg
6,5,https://audiosamplesp808.blob.core.windows.net/p910-assets/imgs/block_matrix/m5/Yzo2X3Q6NQ==.jpg
6,8,https://audiosamplesp808.blob.core.windows.net/p910-assets/imgs/block_matrix/m5/Yzo2X3Q6OA==.jpg
8,4,https://audiosamplesp808.blob.core.windows.net/p910-assets/imgs/block_matrix/m5/Yzo4X3Q6NA==.jpg
5,7,https://audiosamplesp808.blob.core.windows.net/p910-assets/imgs/block_matrix/m5/Yzo1X3Q6Nw==.jpg
4,8,https://audiosamplesp808.blob.core.windows.net/p910-assets/imgs/block_matrix/m5/Yzo0X3Q6OA==.jpg
3,7,https://audiosamplesp808.blob.core.windows.net/p910-assets/imgs/block_matrix/m5/YzozX3Q6Nw==.jpg
5,6,https://audiosamplesp808.blob.core.windows.net/p910-assets/imgs/block_matrix/m5/Yzo1X3Q6Ng==.jpg
5,4,https://audiosamplesp808.blob.core.windows.net/p910-assets/imgs/block_matrix/m5/Yzo1X3Q6NA==.jpg
2,7,https://audiosamplesp808.blob.core.windows.net/p910-assets/imgs/block_matrix/m5/YzoyX3Q6Nw==.jpg
5,5,https://audiosamplesp808.blob.core.windows.net/p910-assets/imgs/block_matrix/m5/Yzo1X3Q6NQ==.jpg
7,4,https://audiosamplesp808.blob.core.windows.net/p910-assets/imgs/block_matrix/m5/Yzo3X3Q6NA==.jpg
6,4,https://audiosamplesp808.blob.core.windows.net/p910-assets/imgs/block_matrix/m5/Yzo2X3Q6NA==.jpg
7,5,https://audiosamplesp808.blob.core.windows.net/p910-assets/imgs/block_matrix/m5/Yzo3X3Q6NQ==.jpg
4,6,https://audiosamplesp808.blob.core.windows.net/p910-assets/imgs/block_matrix/m5/Yzo0X3Q6Ng==.jpg
4,6,https://audiosamplesp808.blob.core.windows.net/p910-assets/imgs/block_matrix/m5/Yzo0X3Q6Ng==.jpg
4,6,https://audiosamplesp808.blob.core.windows.net/p910-assets/imgs/block_matrix/m5/Yzo0X3Q6Ng==.jpg
6,2,https://audiosamplesp808.blob.core.windows.net/p910-assets/imgs/block_matrix/m5/Yzo2X3Q6Mg==.jpg
4,6,https://audiosamplesp808.blob.core.windows.net/p910-assets/imgs/block_matrix/m5/Yzo0X3Q6Ng==.jpg
6,6,https://audiosamplesp808.blob.core.windows.net/p910-assets/imgs/block_matrix/m5/Yzo2X3Q6Ng==.jpg
4,6,https://audiosamplesp808.blob.core.windows.net/p910-assets/imgs/block_matrix/m5/Yzo0X3Q6Ng==.jpg
5,7,https://audiosamplesp808.blob.core.windows.net/p910-assets/imgs/block_matrix/m5/Yzo1X3Q6Nw==.jpg
4,6,https://audiosamplesp808.blob.core.windows.net/p910-assets/imgs/block_matrix/m5/Yzo0X3Q6Ng==.jpg
3,8,https://audiosamplesp808.blob.core.windows.net/p910-assets/imgs/block_matrix/m5/YzozX3Q6OA==.jpg
